From,To
Vittal, Prasanna
Vittal, Shraddha
Vittal, Sahana
Vittal, Kavya
Vittal, Bhoomi
Vittal, Siri
Vittal, Gururaj
Vittal, Dheeraj
Vittal, VPastey
Vittal, Sushen
Vittal, Sainath
Vittal, Gopal
Vittal, Krishna
Vittal, Panduranga
Vittal, Shashi
Prasanna, Shashi
Prasanna, Shraddha
Prasanna, Sahana
Prasanna, Raghavendra
Prasanna, Anand
Vittal, Anand
Prasanna, Gururaj
Vittal, Gururaj
Prasanna, Guruprasad
Prasanna, Chandan
Vittal, Chandan
Prasanna, Akanksha
Prasanna, Rohini
Prasanna, Amruta
Prasanna, Fav_Master
Prasanna, Siri
Shraddha, Kavya
Shraddha, Bhoomi
Shraddha, Sahana
Sahana, Shraddha
Shraddha, Vittal
Shraddha, Prasanna
Shraddha, Sushen
Shraddha, Dheeraj
Sahana, Gururaj
Sahana, VPastey
Sahana, Anand
Prasanna, Sunita
Shraddha, Sunita
Prasanna, Akka